{"cameraMode":{"drawMode":0,"name":"Shaded","section":"Shading Mode"},"sceneLighting":true,"audioPlay":false,"sceneViewState":{"showFog":true,"showMaterialUpdate":false,"showSkybox":true,"showFlares":true,"showImageEffects":true,"showParticleSystems":true},"in2DMode":false,"pivot":{"x":-1.376068115234375,"y":12.739551544189454,"z":-29.547183990478517},"rotation":{"x":0.2727080285549164,"y":0.3432510197162628,"z":-0.10486643016338349,"w":0.8926467895507813},"size":135.43228149414063,"orthographic":false}